Salary,Actual,Predicted
45000,45000,45023.02733734624
50000,50000,50023.301655185496
60000,60000,60023.78159983371
80000,80000,80024.47138794562
110000,110000,110024.85080116673
150000,150000,150024.18947200122
200000,200000,200021.60683585564
300000,300000,300011.2211417259
500000,500000,499974.23100281565
1000000,1000000,999849.3187661238
