Salary,Actual,Predicted
45000,45000,80201.82455281618
50000,50000,80359.9439751629
60000,60000,80839.35088066591
80000,80000,82721.27915813203
110000,110000,89108.94750355082
150000,150000,107794.31484094469
200000,200000,153438.6520338392
300000,300000,322043.71891233843
500000,500000,498571.8659235331
1000000,1000000,999920.1022189764
